district,month,total_cards,predicted_demand,available_stock,transaction_count,complaint_count,shortage_flag,fraud_flag,allocation_suggestion
Mahabubnagar,Aug-2024,50860,116820,103085,102386,214,True,True,122661
Medak,Sep-2024,94131,100263,96286,61090,149,True,False,105276
Khammam,Feb-2023,109735,102955,85388,25311,443,True,False,108102
Khammam,Jan-2023,103707,125305,133998,91932,235,False,False,131570
Suryapet,May-2024,75658,124478,122909,22747,463,True,False,130701
Nizamabad,Dec-2023,106886,106803,118354,31394,484,False,False,112143
Nizamabad,Jul-2023,146276,120038,121815,30627,88,False,False,126039
Karimnagar,Sep-2023,73897,108148,111631,68555,263,False,False,113555
Nizamabad,Feb-2024,85920,132067,113652,89479,387,True,False,138670
Karimnagar,Jun-2023,128953,92995,82687,65758,401,True,False,97644
Siddipet,Dec-2023,115697,77065,83622,119299,269,False,True,80918
Medak,Feb-2024,141387,41016,45269,75591,212,False,False,43066
Karimnagar,Mar-2024,59268,126807,118992,83704,251,True,False,133147
Suryapet,Mar-2024,111228,88984,71552,82592,491,True,False,93433
Medak,Dec-2024,98190,45258,47260,59504,391,False,False,47520
Nizamabad,Mar-2023,62666,78660,62221,46854,40,True,False,82593
Mahabubnagar,Sep-2023,80535,118603,122202,55222,61,False,False,124533
Medak,May-2023,146354,124651,115616,44538,34,True,False,130883
Adilabad,Mar-2023,58110,119309,126575,72992,4,False,False,125274
Siddipet,Nov-2024,56910,130982,111188,107054,345,True,True,137531
Siddipet,Jan-2024,100015,94268,96671,38141,484,False,False,98981
Mahabubnagar,Jul-2023,106044,107214,121041,75820,159,False,False,112574
Mahabubnagar,Jul-2024,72299,83585,66278,115003,27,True,True,87764
Warangal,Nov-2023,68047,66105,56335,35707,472,True,False,69410
Mahabubnagar,Jan-2023,80080,106842,93618,112787,460,True,True,112184
Suryapet,Mar-2023,108053,61959,47489,114856,317,True,True,65056
Khammam,Jan-2023,148098,53545,34208,54766,314,True,False,56222
Nalgonda,Dec-2024,118840,94384,113737,82003,267,False,False,99103
Mahabubnagar,Feb-2023,139474,63664,45300,105616,439,True,True,66847
Adilabad,May-2024,144209,40854,45402,58623,224,False,False,42896
Adilabad,Jul-2024,96717,127092,145651,46309,415,False,False,133446
Mahabubnagar,Apr-2023,102662,138506,131194,45342,293,True,False,145431
Medak,May-2023,102083,105733,109242,54698,239,False,False,111019
Adilabad,Sep-2023,92107,126202,121910,111906,147,True,True,132512
Warangal,Jul-2024,84754,135742,127153,22911,198,True,False,142529
Warangal,Sep-2023,134896,123879,109638,108614,337,True,True,130072
Medak,Jan-2023,51802,48155,36275,59384,433,True,False,50562
Mahabubnagar,Oct-2023,80306,56646,67711,110735,499,False,True,59478
Adilabad,Feb-2023,81616,60932,70787,81434,8,False,False,63978
Suryapet,Mar-2023,92642,55151,36305,24499,151,True,False,57908
Nalgonda,Dec-2024,109040,52183,61482,32874,112,False,False,54792
Medak,Apr-2023,103351,101267,83824,58360,98,True,False,106330
Suryapet,Jun-2024,96975,61357,53326,22869,162,True,False,64424
Suryapet,Apr-2023,140272,78467,81795,111412,303,False,True,82390
Warangal,Dec-2024,72399,86214,100200,106416,127,False,True,90524
Adilabad,Apr-2024,120091,80818,80648,37429,237,True,False,84858
Nalgonda,Jun-2023,53436,114290,104967,25895,282,True,False,120004
Karimnagar,Sep-2024,104045,137888,157678,25600,452,False,False,144782
Nizamabad,Apr-2023,123744,96491,95080,63484,45,True,False,101315
Khammam,Jun-2023,97202,72635,86463,38711,348,False,False,76266
Adilabad,Feb-2024,95236,106235,86425,30492,468,True,False,111546
Mahabubnagar,Jan-2023,135314,66641,81225,52745,222,False,False,69973
Nalgonda,Mar-2023,101885,76631,64086,24014,341,True,False,80462
Mahabubnagar,Feb-2023,106958,122074,112803,119713,473,True,True,128177
Adilabad,Aug-2023,128069,94748,80549,39190,25,True,False,99485
Nizamabad,Jun-2024,79592,50647,39363,108891,390,True,True,53179
Suryapet,Apr-2023,120316,42368,34407,26655,493,True,False,44486
Nizamabad,Nov-2024,63403,72097,65218,30966,446,True,False,75701
Nalgonda,Jul-2024,143848,92921,95598,75609,57,False,False,97567
Nalgonda,May-2024,120313,93006,102755,35338,443,False,False,97656
Khammam,Jan-2023,130135,59508,42559,68747,4,True,False,62483
Mahabubnagar,Apr-2023,104021,106412,118505,89678,354,False,False,111732
Mahabubnagar,Aug-2023,123523,134476,151709,37019,105,False,False,141199
Nizamabad,May-2024,123847,122750,116848,48251,57,True,False,128887
Mahabubnagar,May-2023,82217,48308,34257,71990,126,True,False,50723
Suryapet,Dec-2023,124740,106617,115922,36896,238,False,False,111947
Karimnagar,Oct-2024,70056,85543,68886,33500,486,True,False,89820
Khammam,Oct-2024,109638,113666,113197,87215,434,True,False,119349
Khammam,Oct-2024,134664,133468,122903,74340,46,True,False,140141
Adilabad,Feb-2024,128781,100403,109527,115435,399,False,True,105423
Siddipet,Apr-2024,144758,131747,148967,46646,249,False,False,138334
Siddipet,Oct-2024,148116,137379,120228,60158,393,True,False,144247
Siddipet,Jul-2024,59823,100160,89700,36364,3,True,False,105168
Medak,Apr-2024,80977,134704,140175,108223,474,False,True,141439
Warangal,Dec-2024,109275,112369,104307,55195,32,True,False,117987
Adilabad,Jul-2024,143610,137856,156160,89449,42,False,False,144748
Karimnagar,Jul-2024,77350,133008,141769,45351,92,False,False,139658
Siddipet,Oct-2023,125353,116797,97214,77458,104,True,False,122636
Mahabubnagar,Apr-2023,132745,129588,148101,46092,74,False,False,136067
Medak,Apr-2023,83496,100692,104240,112920,163,False,True,105726
Siddipet,May-2023,68888,75735,73241,105999,35,True,True,79521
Karimnagar,May-2024,115510,74911,78101,27357,223,False,False,78656
Khammam,Dec-2023,86208,60150,45794,63286,216,True,False,63157
Nizamabad,Sep-2023,105069,54397,35125,70517,396,True,False,57116
Nizamabad,May-2024,129459,56779,44179,44466,75,True,False,59617
Suryapet,Jul-2023,109163,122637,134944,74098,366,False,False,128768
Khammam,May-2023,139112,137203,128333,107508,483,True,True,144063
Khammam,Nov-2024,116703,67192,48254,104076,180,True,True,70551
Siddipet,Jul-2023,138461,49348,53062,58102,220,False,False,51815
Karimnagar,Mar-2024,122267,88136,91761,102873,491,False,True,92542
Adilabad,Jun-2023,51542,61677,80758,82856,433,False,False,64760
Siddipet,Feb-2023,133460,128092,135054,48295,495,False,False,134496
Adilabad,Oct-2024,141792,97854,114934,21324,131,False,False,102746
Warangal,Jun-2023,139339,59870,74448,92124,363,False,False,62863
Nalgonda,Jul-2023,75289,95129,103307,114246,125,False,True,99885
Nizamabad,Jan-2024,54748,126769,116204,23709,57,True,False,133107
Warangal,Aug-2023,63116,65470,84768,100219,189,False,True,68743
Suryapet,May-2024,73960,73591,70903,87641,43,True,False,77270
Khammam,Apr-2024,143045,133396,124399,41732,163,True,False,140065
Nizamabad,Jul-2024,63843,111726,109366,72528,13,True,False,117312
Adilabad,Sep-2024,118866,59087,63591,27114,11,False,False,62041
Siddipet,Apr-2024,71447,130469,134428,86203,372,False,False,136992
Medak,Apr-2023,111529,124665,136586,53307,219,False,False,130898
Khammam,Sep-2023,54835,60159,78969,67605,446,False,False,63166
Adilabad,Sep-2023,128752,95284,110831,117007,412,False,True,100048
Nizamabad,Jun-2023,55713,96178,80982,70990,408,True,False,100986
Karimnagar,Oct-2023,134791,98141,101934,76570,364,False,False,103048
Khammam,Nov-2024,51015,101813,109525,28415,238,False,False,106903
Adilabad,Nov-2023,112292,63833,47991,82680,341,True,False,67024
Adilabad,Jan-2024,70384,58017,48361,28702,384,True,False,60917
Khammam,Apr-2024,97926,69189,61952,38384,196,True,False,72648
Khammam,Jun-2023,130642,90612,94186,43524,52,False,False,95142
Khammam,Oct-2023,82201,93330,86786,76397,456,True,False,97996
Adilabad,Jul-2024,103932,57100,59049,90080,368,False,False,59955
Medak,Feb-2023,86187,47239,41728,78017,437,True,False,49600
Nalgonda,Mar-2023,144074,72049,89180,62944,53,False,False,75651
Khammam,May-2024,103871,59198,58956,35254,206,True,False,62157
Khammam,Sep-2024,127709,77441,84139,73682,102,False,False,81313
Nalgonda,Feb-2023,56949,95393,83410,26941,334,True,False,100162
Nizamabad,Feb-2023,133251,134456,146159,62318,29,False,False,141178
Mahabubnagar,Oct-2023,93088,79811,79667,107369,272,True,True,83801
Warangal,Dec-2024,142705,113477,107865,25569,204,True,False,119150
Nizamabad,Mar-2024,67144,64214,59397,91774,458,True,False,67424
Nalgonda,Apr-2024,74071,98243,96514,53434,92,True,False,103155
Karimnagar,Jul-2024,73954,97108,98616,107505,91,False,True,101963
Siddipet,Oct-2024,129252,79749,98893,36907,345,False,False,83736
Karimnagar,May-2024,141865,121818,125442,43321,248,False,False,127908
Suryapet,Oct-2024,60478,95645,94907,72796,336,True,False,100427
Siddipet,Apr-2023,129104,99399,93577,70428,179,True,False,104368
Medak,Oct-2024,58717,68699,56849,87661,215,True,False,72133
Karimnagar,Jan-2024,54621,55034,40160,25122,110,True,False,57785
Mahabubnagar,Feb-2024,105658,78638,60169,108869,226,True,True,82569
Nizamabad,Mar-2024,96271,113688,132206,30267,201,False,False,119372
Mahabubnagar,May-2024,145462,46229,30861,23596,211,True,False,48540
Suryapet,Apr-2023,57561,113794,110410,46734,227,True,False,119483
Nalgonda,Feb-2023,62910,113479,105678,101264,235,True,True,119152
Nizamabad,Oct-2023,110004,102981,102104,74553,319,True,False,108130
Karimnagar,Dec-2024,126090,57260,41072,48024,288,True,False,60123
Khammam,Oct-2024,142436,41605,27227,92303,3,True,False,43685
Medak,Nov-2024,63046,64818,80176,24324,35,False,False,68058
Medak,Jun-2023,91427,119579,128325,107886,133,False,True,125557
Nalgonda,May-2024,134471,53234,71562,73441,334,False,False,55895
Medak,Jul-2024,138236,137579,124048,50105,117,True,False,144457
Warangal,Jul-2024,108067,89376,106352,87584,89,False,False,93844
Nalgonda,May-2023,51917,60618,72872,67362,160,False,False,63648
Nalgonda,Jun-2024,109383,105545,102189,107958,137,True,True,110822
Karimnagar,Jan-2024,55287,74387,62899,21342,100,True,False,78106
Suryapet,May-2024,143070,119767,132060,46614,418,False,False,125755
Adilabad,May-2023,146573,52219,32454,62929,333,True,False,54829
Khammam,Dec-2024,120792,105441,104460,93698,34,True,False,110713
Adilabad,Aug-2023,86159,83925,69876,107388,327,True,True,88121
Suryapet,May-2023,80523,128861,130065,35524,4,False,False,135304
Nizamabad,Feb-2024,70611,56984,51044,102985,88,True,True,59833
Karimnagar,Aug-2023,109207,115046,124333,113709,287,False,True,120798
Nizamabad,Jun-2023,121520,127062,144500,38574,480,False,False,133415
Suryapet,May-2024,84016,51246,49627,56455,103,True,False,53808
Nizamabad,Jul-2023,117506,81157,88359,116646,178,False,True,85214
Medak,Oct-2023,137487,96819,92193,91324,288,True,False,101659
Warangal,Jul-2023,50922,138723,129512,117720,96,True,True,145659
Khammam,Nov-2024,52336,107779,106808,79201,9,True,False,113167
Khammam,Oct-2023,93872,86197,89907,49486,227,False,False,90506
Medak,Aug-2024,90631,60103,54485,104291,331,True,True,63108
Karimnagar,Jul-2024,89666,115683,129244,91315,10,False,False,121467
Siddipet,Aug-2023,126325,52999,33813,96077,362,True,False,55648
Siddipet,Jan-2024,123319,57368,52696,76942,103,True,False,60236
Warangal,Apr-2024,114644,100279,119006,20126,105,False,False,105292
Adilabad,Sep-2023,136066,84327,67695,23797,266,True,False,88543
Mahabubnagar,Jan-2023,126589,62116,78360,21645,419,False,False,65221
Nalgonda,Nov-2024,69256,93173,110603,59282,423,False,False,97831
Khammam,Mar-2024,106264,115060,126940,77545,435,False,False,120813
Suryapet,Sep-2024,147945,53224,58374,83731,24,False,False,55885
Siddipet,Nov-2023,123509,48577,36647,28666,417,True,False,51005
Adilabad,Nov-2023,91914,110507,103997,87526,179,True,False,116032
Nalgonda,Sep-2024,137895,86240,103388,114270,490,False,True,90552
Nalgonda,Jun-2024,77696,110480,110296,69840,147,True,False,116004
Nalgonda,Oct-2024,146731,61566,51482,82823,48,True,False,64644
Mahabubnagar,Jan-2023,51759,81949,88787,22482,378,False,False,86046
Medak,Jul-2024,143501,42079,24796,79676,304,True,False,44182
Medak,Jul-2024,68449,73536,91794,68302,497,False,False,77212
Karimnagar,Oct-2024,88000,66737,58222,58565,434,True,False,70073
Warangal,Jan-2023,102487,52342,45429,119785,466,True,True,54959
Karimnagar,Jan-2023,131974,66399,66245,101244,7,True,True,69718
Adilabad,Nov-2024,105106,70678,61360,83230,327,True,False,74211
Nalgonda,Mar-2024,118836,112258,132244,44160,91,False,False,117870
Medak,Feb-2023,123506,74911,76502,51821,287,False,False,78656
Medak,Feb-2024,134458,52175,53564,86358,431,False,False,54783
Karimnagar,Jul-2023,54425,56032,38230,80500,146,True,False,58833
Nizamabad,Apr-2023,100460,71419,60124,62880,302,True,False,74989
Khammam,Aug-2024,135514,55358,69535,114914,470,False,True,58125
Mahabubnagar,Dec-2023,64596,73572,66793,21279,221,True,False,77250
Suryapet,Feb-2023,112516,47083,44854,49975,80,True,False,49437
Siddipet,Dec-2024,117642,130093,130700,57599,208,False,False,136597
Karimnagar,Jul-2024,77856,42573,35381,55367,449,True,False,44701
Suryapet,Jul-2023,73752,95029,92714,71693,3,True,False,99780
Siddipet,Jan-2024,124532,121994,133883,81268,41,False,False,128093
Warangal,Sep-2023,81653,66657,86609,42180,152,False,False,69989
Nalgonda,Dec-2023,51622,88756,85481,81396,26,True,False,93193
Suryapet,Jun-2023,79402,44263,55250,66828,308,False,False,46476
Mahabubnagar,Oct-2023,109052,51664,67401,109563,189,False,True,54247
Siddipet,Feb-2024,136145,78709,77959,41172,291,True,False,82644
Nizamabad,Sep-2024,103002,129599,116418,111248,186,True,True,136078
Mahabubnagar,Aug-2023,78769,93302,96452,88247,245,False,False,97967
Nalgonda,May-2023,139399,61792,50734,87298,243,True,False,64881
Adilabad,Jan-2024,88890,106017,118938,21524,72,False,False,111317
Suryapet,Aug-2023,87904,94912,108920,20060,426,False,False,99657
Medak,Oct-2023,63350,64354,72499,54020,107,False,False,67571
Nizamabad,Jun-2023,138929,63051,69263,89626,304,False,False,66203
Adilabad,Oct-2023,86408,134006,134497,21341,79,False,False,140706
Medak,Jul-2024,121431,52254,43598,21750,484,True,False,54866
Nalgonda,Apr-2024,108053,110855,106751,75761,88,True,False,116397
Siddipet,Sep-2023,77935,77641,87352,90342,400,False,False,81523
Mahabubnagar,Sep-2024,69541,134457,131231,64813,334,True,False,141179
Khammam,Jul-2023,119768,51122,46145,93543,497,True,False,53678
Mahabubnagar,Jun-2024,86062,94237,99747,39426,401,False,False,98948
Siddipet,Jul-2023,137312,129613,118987,72375,482,True,False,136093
Karimnagar,Mar-2023,145402,42983,54688,40662,470,False,False,45132
Mahabubnagar,Mar-2024,144071,46640,41957,27564,209,True,False,48972
Adilabad,Apr-2024,129273,114859,110088,94038,226,True,False,120601
Siddipet,Feb-2023,79430,115532,123320,115505,415,False,True,121308
Nizamabad,Jul-2023,66371,85084,94713,71184,476,False,False,89338
Khammam,Dec-2023,62984,73039,72934,103691,238,True,True,76690
Suryapet,Oct-2023,100072,64574,48004,32676,64,True,False,67802
Adilabad,Mar-2023,83933,64951,77364,54801,323,False,False,68198
Karimnagar,May-2023,90600,97775,103055,110093,462,False,True,102663
Suryapet,Mar-2024,130688,129431,118586,117419,186,True,True,135902
Siddipet,May-2023,95028,137659,155232,20806,439,False,False,144541
Medak,Nov-2023,79757,74636,69197,68280,198,True,False,78367
Warangal,Apr-2023,104842,96979,92913,58197,372,True,False,101827
Nizamabad,Jan-2024,84157,117129,114449,47376,258,True,False,122985
Medak,Jun-2023,131412,90948,79193,92750,214,True,False,95495
Adilabad,Sep-2023,126898,102483,100780,50448,60,True,False,107607
Siddipet,Mar-2023,75425,66685,71263,48831,226,False,False,70019
Nalgonda,Jan-2024,57287,73660,63882,80504,328,True,False,77343
Warangal,Feb-2024,133300,57674,55698,43874,122,True,False,60557
Suryapet,Mar-2023,138801,65931,74772,49192,462,False,False,69227
Medak,May-2023,108762,90106,85691,45559,123,True,False,94611
Nalgonda,Aug-2023,71754,43972,29267,61873,453,True,False,46170
Khammam,Apr-2024,53020,81755,82175,106988,80,False,True,85842
Karimnagar,Aug-2023,59516,42396,40942,39129,322,True,False,44515
Medak,Aug-2023,80561,111719,118291,119616,261,False,True,117304
Medak,Jul-2024,69623,107675,118965,85082,303,False,False,113058
Suryapet,Jan-2024,83130,91756,103844,46292,169,False,False,96343
Warangal,Jun-2023,103947,62534,51551,88344,498,True,False,65660
Mahabubnagar,Oct-2023,52719,62890,54590,56509,38,True,False,66034
Karimnagar,Apr-2023,98845,97932,104520,111659,294,False,True,102828
Karimnagar,Jan-2024,110461,115418,96554,54832,359,True,False,121188
Karimnagar,Dec-2024,113852,41007,26452,96242,413,True,False,43057
Mahabubnagar,Oct-2023,137272,82207,75488,81246,411,True,False,86317
Khammam,Oct-2024,63507,112595,110866,65539,241,True,False,118224
Warangal,May-2024,130395,103888,91961,29077,192,True,False,109082
Nalgonda,Dec-2024,117889,63821,81388,44860,203,False,False,67012
Warangal,Mar-2023,71427,67083,68593,77372,394,False,False,70437
Adilabad,Jun-2023,81598,133106,140188,49241,470,False,False,139761
Siddipet,Feb-2023,76029,53025,69149,34288,98,False,False,55676
Suryapet,Jul-2023,118878,81846,97458,95932,74,False,False,85938
Warangal,Feb-2023,128797,92307,75400,97258,26,True,False,96922
Nizamabad,May-2024,94413,133623,145970,53756,20,False,False,140304
Khammam,Aug-2024,98901,139986,152182,25626,256,False,False,146985
Siddipet,Jun-2023,69982,116961,98941,68290,319,True,False,122809
Adilabad,Dec-2024,76385,78158,81177,38639,26,False,False,82065
Medak,Feb-2024,55776,76444,59824,28711,78,True,False,80266
Karimnagar,Aug-2024,89110,101788,99131,58827,180,True,False,106877
Medak,Mar-2023,65251,40526,23750,67837,205,True,False,42552
Mahabubnagar,May-2024,78541,119083,133614,28712,165,False,False,125037
Suryapet,Oct-2024,55109,89268,104469,74615,71,False,False,93731
Adilabad,Aug-2023,76589,70015,79024,103309,494,False,True,73515
Nalgonda,Nov-2023,71804,81688,82269,72648,391,False,False,85772
Nalgonda,Jul-2024,96167,115304,134803,72269,159,False,False,121069
Nalgonda,Oct-2024,146347,88787,104275,94441,423,False,False,93226
Karimnagar,Jan-2023,99153,46368,53792,65004,413,False,False,48686
Adilabad,Jan-2024,106985,90069,85594,43398,89,True,False,94572
Siddipet,Jun-2024,118577,105641,94719,45003,304,True,False,110923
Medak,Nov-2023,107660,89786,71711,103976,261,True,True,94275
Suryapet,Jul-2023,76015,73320,78611,46289,347,False,False,76986
Warangal,Mar-2024,74826,66630,79856,66163,207,False,False,69961
Warangal,Jun-2023,77961,121941,110542,53662,2,True,False,128038
Suryapet,Oct-2023,86877,55313,50662,92715,86,True,False,58078
Suryapet,Jan-2024,133186,66745,78635,40022,237,False,False,70082
Warangal,Jan-2024,133847,68380,50736,90326,287,True,False,71799
Nizamabad,Dec-2023,70049,115717,135542,36082,149,False,False,121502
Khammam,Dec-2024,52920,131194,125219,28946,34,True,False,137753
Nalgonda,Mar-2024,148656,70027,57032,79321,444,True,False,73528
Medak,Aug-2024,97908,118339,124302,59443,443,False,False,124255
Medak,Jun-2024,130818,44703,31266,45849,116,True,False,46938
Karimnagar,Apr-2023,93585,66958,72975,96707,261,False,False,70305
Mahabubnagar,Oct-2023,79426,57778,58894,68364,17,False,False,60666
Medak,Sep-2024,134878,97056,104546,39975,99,False,False,101908
Mahabubnagar,Oct-2023,116061,128397,141539,46916,324,False,False,134816
Nalgonda,Jan-2024,54648,75133,85656,114588,110,False,True,78889
Medak,Jul-2023,97064,109350,125334,81272,27,False,False,114817
Karimnagar,Mar-2023,63760,61927,62866,81367,163,False,False,65023
Mahabubnagar,Mar-2024,102233,84738,98135,102189,79,False,True,88974
Siddipet,Oct-2023,126619,59816,46092,99530,459,True,False,62806
Adilabad,Oct-2024,121635,125112,141058,75204,174,False,False,131367
Khammam,Dec-2023,142324,132464,148800,29847,43,False,False,139087
Medak,Mar-2024,117278,58309,38928,103194,444,True,True,61224
Warangal,Jun-2024,131537,106504,112396,111155,281,False,True,111829
Adilabad,Nov-2024,51058,126213,116937,48404,58,True,False,132523
Khammam,Jan-2023,59200,104178,118175,45611,489,False,False,109386
Warangal,Sep-2024,85057,41239,59377,85661,481,False,False,43300
Suryapet,Jun-2024,111212,55398,42036,26570,177,True,False,58167
Mahabubnagar,Dec-2023,129141,52115,71177,42911,125,False,False,54720
Warangal,Apr-2024,51969,83753,81028,24470,7,True,False,87940
Karimnagar,Sep-2024,73196,53669,71049,68320,310,False,False,56352
Mahabubnagar,Nov-2023,138009,95409,104034,101040,25,False,True,100179
Medak,Mar-2024,146999,134795,152003,74061,451,False,False,141534
Adilabad,Jan-2023,81890,119134,118642,62287,68,True,False,125090
Suryapet,Feb-2023,67087,45704,33552,107128,175,True,True,47989
Suryapet,Sep-2024,135150,106024,125906,45923,97,False,False,111325
Nalgonda,Feb-2024,117203,131749,115863,84965,481,True,False,138336
Karimnagar,Jan-2024,149304,65426,63198,23712,343,True,False,68697
Nalgonda,Jul-2023,141736,91924,75650,109152,75,True,True,96520
Siddipet,Jul-2023,59108,117714,133357,51324,472,False,False,123599
Adilabad,May-2024,58927,133680,144690,42443,101,False,False,140364
Siddipet,Nov-2023,126743,100233,105770,97576,2,False,False,105244
Khammam,Aug-2023,85631,132059,143407,84732,153,False,False,138661
Suryapet,Dec-2023,71636,121889,113445,47598,299,True,False,127983
Warangal,Mar-2024,123770,131055,138021,101709,497,False,True,137607
Khammam,Nov-2024,114106,109967,117731,107163,398,False,True,115465
Suryapet,Apr-2023,58906,76914,69990,57650,289,True,False,80759
Warangal,Apr-2024,107716,133747,140864,56378,156,False,False,140434
Nizamabad,Aug-2023,104691,104157,96446,64976,76,True,False,109364
Warangal,Nov-2023,149590,84139,93873,92588,158,False,False,88345
Mahabubnagar,Dec-2024,98368,130025,118661,26441,439,True,False,136526
Warangal,Aug-2024,62149,99189,100864,91031,172,False,False,104148
Siddipet,Mar-2024,126666,128204,123426,85429,117,True,False,134614
Khammam,Oct-2024,59435,134088,151472,101929,471,False,True,140792
Siddipet,Oct-2023,121831,74084,93659,75826,99,False,False,77788
Mahabubnagar,Oct-2023,138920,105681,123459,101571,457,False,True,110965
Adilabad,Nov-2024,114174,66160,63793,114880,118,True,True,69468
Khammam,May-2024,91621,117231,100083,36014,418,True,False,123092
Mahabubnagar,Nov-2023,107993,114696,121909,77784,253,False,False,120430
Suryapet,Feb-2023,67727,44358,52840,52117,124,False,False,46575
Mahabubnagar,Sep-2023,148032,95754,105125,71501,18,False,False,100541
Warangal,Jun-2023,126329,71007,76773,59532,493,False,False,74557
Warangal,Aug-2023,123379,54210,50666,51367,352,True,False,56920
Nalgonda,Sep-2023,122240,104315,88028,90587,4,True,False,109530
Khammam,Aug-2023,106549,74503,62761,65113,258,True,False,78228
Nalgonda,Jun-2023,55249,59201,48887,73363,263,True,False,62161
Nalgonda,Dec-2023,145673,100963,91489,88910,310,True,False,106011
Siddipet,Nov-2024,118619,69328,69431,59891,2,False,False,72794
Mahabubnagar,Jul-2024,98231,69301,75417,82711,363,False,False,72766
Adilabad,Sep-2024,63395,125957,132299,24895,160,False,False,132254
Khammam,Apr-2024,60699,105061,94776,39169,141,True,False,110314
Warangal,Jan-2023,55782,128177,126969,55585,474,True,False,134585
Suryapet,Sep-2023,134416,95114,113181,62685,406,False,False,99869
Siddipet,Apr-2023,114977,130373,128199,110517,426,True,True,136891
Nalgonda,May-2023,140355,101929,118804,117518,48,False,True,107025
Siddipet,Jun-2023,75169,127468,142062,96957,215,False,False,133841
Siddipet,Feb-2024,123861,92290,100785,51750,435,False,False,96904
Suryapet,Mar-2024,74226,46721,47330,72130,465,False,False,49057
Warangal,Jun-2024,98895,134473,120129,94520,252,True,False,141196
Nalgonda,Jan-2023,123822,45901,57453,111245,335,False,True,48196
Nalgonda,Feb-2024,64716,51138,66436,71112,389,False,False,53694
Suryapet,Jan-2024,98244,57347,54267,51822,67,True,False,60214
Warangal,Jun-2024,102188,95099,110361,98213,159,False,False,99853
Karimnagar,Nov-2024,122146,111966,131888,99364,466,False,False,117564
Karimnagar,Oct-2023,105677,89841,96367,115694,456,False,True,94333
Mahabubnagar,Jul-2024,94936,69794,55242,70331,189,True,False,73283
Nizamabad,Jul-2023,147359,63291,75294,66851,102,False,False,66455
Medak,May-2024,93108,106918,121089,61779,220,False,False,112263
Warangal,Apr-2023,62411,97009,92431,62468,115,True,False,101859
Nizamabad,Jul-2023,146410,66715,74320,119853,454,False,True,70050
Khammam,Oct-2024,119252,101949,86430,83037,218,True,False,107046
Khammam,Oct-2024,123294,63177,67199,25542,388,False,False,66335
Adilabad,Jan-2024,72740,99353,104170,76532,180,False,False,104320
Karimnagar,May-2023,103420,40671,20834,61424,482,True,False,42704
Adilabad,Nov-2023,54798,62420,71720,109881,195,False,True,65541
Karimnagar,Aug-2024,87487,133947,147308,41223,226,False,False,140644
Suryapet,Aug-2024,80620,59877,70788,52784,119,False,False,62870
Suryapet,Sep-2023,114641,89723,73354,26172,96,True,False,94209
Siddipet,Jun-2024,70281,68671,74035,112961,263,False,True,72104
Nalgonda,Aug-2023,73472,89230,77310,27099,342,True,False,93691
Medak,Jan-2024,146722,87684,97795,83936,86,False,False,92068
Khammam,Aug-2023,120476,100920,109678,83530,384,False,False,105966
Nizamabad,Dec-2024,139570,116816,114868,36531,276,True,False,122656
Medak,Feb-2024,98355,49866,34397,84027,50,True,False,52359
Siddipet,May-2023,126295,45439,53709,98815,367,False,False,47710
Adilabad,Aug-2023,85144,92161,103343,111074,48,False,True,96769
Warangal,Apr-2023,76189,82600,75104,81558,189,True,False,86730
Karimnagar,Oct-2023,84964,125667,130894,25978,487,False,False,131950
Karimnagar,Oct-2024,149084,79071,63054,29503,287,True,False,83024
Karimnagar,Nov-2023,66905,85838,89791,46806,456,False,False,90129
Suryapet,Aug-2023,88714,94093,113989,97425,277,False,False,98797
Warangal,Aug-2024,96804,116971,124906,84946,173,False,False,122819
Adilabad,Dec-2024,111332,117794,128635,68758,38,False,False,123683
Adilabad,Dec-2023,100408,83950,98914,48044,148,False,False,88147
Medak,Feb-2024,73911,95533,92563,114870,235,True,True,100309
Nalgonda,Oct-2024,136250,98712,102099,113980,268,False,True,103647
Karimnagar,Feb-2023,114028,95731,100589,68689,94,False,False,100517
Nizamabad,Nov-2024,70567,69739,53493,47044,188,True,False,73225
Adilabad,Dec-2024,58706,48894,46931,103986,22,True,True,51338
Mahabubnagar,Dec-2023,59496,96447,112515,49806,135,False,False,101269
Siddipet,Apr-2024,115095,62656,68516,69666,448,False,False,65788
Warangal,Aug-2023,112946,61727,71272,88056,9,False,False,64813
Khammam,Feb-2024,130102,119578,125076,96865,424,False,False,125556
Suryapet,Aug-2024,134899,87701,86734,30805,11,True,False,92086
Adilabad,Feb-2024,63944,59873,63801,35379,74,False,False,62866
Nizamabad,Nov-2024,104341,52087,55849,102617,131,False,True,54691
Warangal,Aug-2024,68313,106549,110254,87364,229,False,False,111876
Khammam,Oct-2024,52023,99796,94333,112197,429,True,True,104785
Warangal,Jan-2024,65379,99664,107430,88099,220,False,False,104647
Nizamabad,Dec-2024,98868,63225,72975,26643,387,False,False,66386
Medak,Dec-2024,115697,56029,50255,83646,187,True,False,58830
Nizamabad,May-2024,118926,45997,38690,69815,108,True,False,48296
Siddipet,Jun-2023,63428,83934,74192,77775,172,True,False,88130
Warangal,Nov-2024,56256,116256,130193,119134,115,False,True,122068
Adilabad,Mar-2024,66184,73787,75408,95564,160,False,False,77476
Adilabad,Jun-2023,84051,89811,100258,103930,398,False,True,94301
Nalgonda,Mar-2024,134045,97418,91890,23471,324,True,False,102288
Suryapet,Aug-2024,145804,48329,63194,66850,460,False,False,50745
Adilabad,Oct-2024,85525,93072,97642,103820,50,False,True,97725
Khammam,Jul-2024,133369,65122,50139,101906,68,True,True,68378
Khammam,Aug-2024,52096,65279,71480,39715,125,False,False,68542
Mahabubnagar,Jul-2023,55105,134848,117687,88920,99,True,False,141590
Nalgonda,Sep-2023,63493,57069,44600,57051,56,True,False,59922
Warangal,Dec-2024,112424,85603,88855,100797,407,False,True,89883
Siddipet,Oct-2024,124971,40162,54904,39675,269,False,False,42170
Medak,Oct-2023,82591,133583,148365,29833,216,False,False,140262
Nalgonda,Dec-2023,91800,136044,121391,79063,106,True,False,142846
Warangal,Jun-2024,68681,90026,108354,35892,195,False,False,94527
Karimnagar,Jan-2023,80682,137798,149156,34289,159,False,False,144687
Medak,Nov-2023,116707,117454,136564,85428,425,False,False,123326
Siddipet,Dec-2023,72669,110968,111612,38745,20,False,False,116516
Karimnagar,May-2023,84521,137239,144167,38322,370,False,False,144100
Suryapet,Sep-2024,79055,82891,79267,26588,424,True,False,87035
Adilabad,Jun-2024,79300,64259,69729,108553,326,False,True,67471
Nalgonda,Nov-2024,52336,102032,91911,117852,60,True,True,107133
Karimnagar,Nov-2023,96760,95718,96726,87169,453,False,False,100503
Nalgonda,Feb-2023,119184,87945,81085,103457,21,True,True,92342
Suryapet,Feb-2023,115633,116943,127518,98258,124,False,False,122790
Mahabubnagar,Oct-2024,124071,97326,101813,50651,58,False,False,102192
Siddipet,Mar-2023,117263,99634,114256,30800,447,False,False,104615
Mahabubnagar,Sep-2024,62819,114905,104188,50573,371,True,False,120650
Nalgonda,Mar-2024,122055,50983,61915,116334,213,False,True,53532
Warangal,Feb-2024,106700,67624,54447,38489,283,True,False,71005
Siddipet,May-2024,79118,121816,124079,33565,386,False,False,127906
Medak,Dec-2023,73648,90729,89387,41253,166,True,False,95265
Warangal,Nov-2024,138664,91578,85067,52658,196,True,False,96156
Nizamabad,Nov-2023,52551,111947,125190,41800,163,False,False,117544
Khammam,Sep-2024,57239,46710,48094,41038,398,False,False,49045
Medak,Jun-2024,56971,69139,69048,97067,385,True,False,72595
Mahabubnagar,Apr-2024,56530,51116,31374,20282,113,True,False,53671
Medak,Jun-2023,135120,129087,142467,37071,106,False,False,135541
Khammam,Apr-2023,89901,51205,37111,22591,136,True,False,53765
Mahabubnagar,Apr-2024,104400,65150,77002,62870,20,False,False,68407
Karimnagar,Apr-2023,83691,41125,22654,46170,246,True,False,43181
Khammam,Mar-2023,76819,132051,136268,108708,226,False,True,138653
Suryapet,Aug-2024,145665,40645,51575,101835,376,False,True,42677
Karimnagar,Mar-2024,76475,58888,54975,66305,469,True,False,61832
Nizamabad,Dec-2023,62763,99165,83244,56116,155,True,False,104123
Medak,Jan-2023,75556,99042,97141,65096,306,True,False,103994
Karimnagar,Nov-2023,134246,116975,112996,26416,324,True,False,122823
Nizamabad,Jan-2023,108067,67516,69949,21089,482,False,False,70891
Medak,Dec-2024,50155,107494,98187,58547,123,True,False,112868
Adilabad,Aug-2023,86598,81814,87029,95330,3,False,False,85904
Siddipet,Mar-2024,105077,111906,101434,113812,436,True,True,117501
Warangal,Feb-2024,105267,122379,126331,73798,392,False,False,128497
Nizamabad,Jan-2024,106526,50449,51574,92954,218,False,False,52971
Mahabubnagar,Feb-2023,65223,112237,94834,85677,99,True,False,117848
Khammam,Aug-2023,65037,86738,105167,91678,333,False,False,91074
Warangal,May-2024,58472,63383,47632,54518,149,True,False,66552
Suryapet,Jul-2024,65282,124866,126644,44264,283,False,False,131109
Warangal,Jan-2024,98454,68365,55595,68200,250,True,False,71783
Mahabubnagar,Jul-2024,102142,96307,80800,70085,436,True,False,101122
Warangal,Aug-2023,93472,89437,76253,97175,307,True,False,93908
Suryapet,Feb-2024,145028,51240,63938,112493,221,False,True,53802
Suryapet,Apr-2023,82762,48259,43108,101768,124,True,True,50671
Nalgonda,Sep-2023,113095,110910,112084,43567,476,False,False,116455
Adilabad,Apr-2024,59885,99659,80437,85087,493,True,False,104641
Karimnagar,Sep-2024,145998,89812,83427,78643,356,True,False,94302
Nizamabad,Dec-2023,66288,112692,94736,27368,444,True,False,118326
Suryapet,Apr-2023,141170,49168,50129,69879,479,False,False,51626
Adilabad,Aug-2023,139388,138646,150820,119751,331,False,True,145578
Nalgonda,Dec-2023,121853,104046,110695,108668,405,False,True,109248
Medak,Sep-2024,139906,136019,128485,48803,310,True,False,142819
Mahabubnagar,Apr-2023,137445,70795,59565,31093,491,True,False,74334
Karimnagar,Dec-2024,67569,51190,63517,62070,421,False,False,53749
Nalgonda,Oct-2024,143905,66512,53228,106795,261,True,True,69837
Siddipet,Aug-2023,135371,69033,73033,95868,108,False,False,72484
Adilabad,Mar-2023,145655,113869,99279,103375,236,True,True,119562
Warangal,Dec-2024,121344,46796,47976,74245,48,False,False,49135
Adilabad,Aug-2023,87418,134611,152366,116038,340,False,True,141341
Khammam,May-2024,67087,52605,63942,25482,309,False,False,55235
Suryapet,Sep-2023,55463,110448,95096,53623,276,True,False,115970
Nizamabad,Jul-2023,99334,108648,110702,90028,191,False,False,114080
Nizamabad,Nov-2023,133276,99518,87728,64363,71,True,False,104493
Medak,Sep-2024,122124,108847,111279,84089,102,False,False,114289
Siddipet,May-2023,87383,118682,112336,72893,492,True,False,124616
Mahabubnagar,May-2024,72190,107411,110788,66737,449,False,False,112781
Warangal,Jan-2023,74995,56977,69379,54542,411,False,False,59825
Medak,Aug-2024,145344,56715,61021,39086,40,False,False,59550
Mahabubnagar,Feb-2023,86636,126120,140730,30058,460,False,False,132426
Siddipet,Feb-2024,128033,110194,101575,84200,376,True,False,115703
Mahabubnagar,Mar-2023,69539,100058,91835,119932,165,True,True,105060
Nizamabad,Apr-2024,143533,111975,114760,98928,424,False,False,117573
Nizamabad,Nov-2023,84624,88438,92802,87534,473,False,False,92859
Khammam,Sep-2024,87437,117872,107214,92982,407,True,False,123765
Suryapet,Jun-2023,60516,119285,116799,56268,374,True,False,125249
Suryapet,Sep-2024,125749,101049,117076,113547,353,False,True,106101
Nizamabad,Mar-2023,129003,92395,112153,74312,62,False,False,97014
Mahabubnagar,Aug-2023,65434,104047,94280,86677,99,True,False,109249
Adilabad,Dec-2024,95734,128503,119675,101926,195,True,True,134928
Khammam,Dec-2024,71312,133376,132366,64179,274,True,False,140044
Siddipet,Jun-2024,52011,84014,75752,114333,394,True,True,88214
Adilabad,May-2024,58767,62852,56555,20929,175,True,False,65994
Warangal,Dec-2024,145040,57438,43182,103820,433,True,True,60309
Khammam,Dec-2024,69799,138746,146972,90188,259,False,False,145683
Siddipet,Feb-2024,97093,77226,63817,111369,50,True,True,81087
Karimnagar,Jun-2023,129674,93161,75330,104092,36,True,True,97819
Siddipet,May-2023,81778,67734,70907,50403,273,False,False,71120
Suryapet,May-2024,75372,101516,102054,83918,125,False,False,106591
Warangal,May-2024,109500,76575,96494,62261,67,False,False,80403
Khammam,May-2023,65848,42352,24284,96449,364,True,False,44469
Nalgonda,Sep-2024,55498,116118,105687,76882,249,True,False,121923
Adilabad,Sep-2024,93949,122302,128434,94027,138,False,False,128417
Mahabubnagar,Apr-2023,125250,125376,139771,50654,279,False,False,131644
Nizamabad,Jan-2024,108478,104353,111115,33283,434,False,False,109570
Adilabad,Mar-2023,70219,97169,112088,94965,248,False,False,102027
Medak,Jul-2024,127988,98342,97293,21307,4,True,False,103259
Adilabad,May-2023,142021,115774,134749,21140,353,False,False,121562
Nalgonda,Jan-2024,53630,59595,50080,48308,245,True,False,62574
Mahabubnagar,May-2023,141088,41207,23167,86093,11,True,False,43267
Nalgonda,May-2024,116418,100011,118646,76115,351,False,False,105011
Nalgonda,Nov-2024,122805,98954,107018,99063,406,False,False,103901
Suryapet,Jul-2024,86593,76304,86690,75220,461,False,False,80119
Karimnagar,Jul-2024,72190,46142,54540,71971,390,False,False,48449
Nizamabad,Apr-2024,98456,122035,141887,28016,336,False,False,128136
Adilabad,Jan-2023,130018,80510,82336,88026,324,False,False,84535
Mahabubnagar,Apr-2024,149441,67103,83291,25845,170,False,False,70458
Nizamabad,Oct-2024,69337,62313,69256,97949,276,False,False,65428
Karimnagar,Sep-2023,102887,121442,121978,76622,162,False,False,127514
Nizamabad,Jun-2024,60503,124761,141737,31590,29,False,False,130999
Mahabubnagar,Mar-2023,116624,108899,121691,29764,0,False,False,114343
Khammam,Jan-2024,92727,118471,106539,27295,200,True,False,124394
Adilabad,Apr-2023,144754,115969,111007,72327,22,True,False,121767
Suryapet,Feb-2023,104189,88511,77116,21381,74,True,False,92936
Nizamabad,Aug-2023,74322,81869,94824,81388,172,False,False,85962
Karimnagar,Jan-2024,78220,124050,142060,94085,15,False,False,130252
Karimnagar,Aug-2023,121312,99766,92215,109833,379,True,True,104754
Nalgonda,Feb-2023,96092,103671,94021,116158,289,True,True,108854
Mahabubnagar,Mar-2023,118487,57622,42349,73117,54,True,False,60503
Nalgonda,Jul-2023,78454,107904,103496,42173,436,True,False,113299
Khammam,Jul-2024,111202,129400,140150,96112,182,False,False,135870
Mahabubnagar,Oct-2023,130905,129571,111160,45235,159,True,False,136049
Karimnagar,Feb-2024,81921,56237,44481,34743,334,True,False,59048
Nalgonda,Apr-2023,149532,96378,81968,76071,465,True,False,101196
Mahabubnagar,Feb-2024,65649,77713,65640,65409,126,True,False,81598
Suryapet,Dec-2023,98688,129678,133223,51897,273,False,False,136161
Nalgonda,Jun-2023,72736,67990,62077,42440,389,True,False,71389
Khammam,Dec-2023,105103,110812,128308,39008,106,False,False,116352
Nizamabad,Sep-2023,55793,45571,56902,36209,398,False,False,47849
Nizamabad,Jan-2024,141218,42224,54665,59129,412,False,False,44335
Adilabad,Dec-2024,73478,111854,120548,105716,404,False,True,117446
Khammam,Jan-2023,139963,138826,146925,74040,93,False,False,145767
Suryapet,Sep-2024,66211,45842,27158,65968,100,True,False,48134
Nalgonda,Apr-2024,130742,58971,64570,107592,354,False,True,61919
Karimnagar,Feb-2024,55355,94120,83203,58342,488,True,False,98826
Karimnagar,May-2023,74972,66654,61887,101423,136,True,True,69986
Suryapet,Jun-2023,145690,74773,82520,96396,342,False,False,78511
Karimnagar,Sep-2023,68135,130887,141386,67377,2,False,False,137431
Nalgonda,Dec-2023,108283,125140,122063,67591,309,True,False,131397
Nalgonda,Jan-2023,124083,100948,113950,100098,12,False,True,105995
Suryapet,May-2024,54213,50293,64734,75860,43,False,False,52807
Khammam,Oct-2023,111997,68172,68304,38199,257,False,False,71580
Nalgonda,May-2024,89779,71881,68939,44472,386,True,False,75475
Nalgonda,May-2024,86021,94131,98218,32828,170,False,False,98837
Suryapet,Apr-2023,51401,125179,120372,112389,320,True,True,131437
Warangal,Nov-2024,69611,83791,75741,96240,103,True,False,87980
Siddipet,Dec-2023,53866,72245,58063,71374,221,True,False,75857
Suryapet,Feb-2023,80116,121029,129067,40447,223,False,False,127080
Khammam,Jan-2023,105350,109561,109654,26155,15,False,False,115039
Khammam,Apr-2023,100124,92870,93806,24426,263,False,False,97513
Adilabad,Nov-2024,97832,68151,61918,31308,213,True,False,71558
Warangal,Aug-2023,140306,134108,116312,112769,225,True,True,140813
Mahabubnagar,Dec-2023,108585,61607,66575,118934,132,False,True,64687
Medak,Aug-2024,128257,101215,97831,58458,89,True,False,106275
Mahabubnagar,Oct-2023,127240,72793,84019,109388,338,False,True,76432
Khammam,Aug-2023,128915,94254,81260,94218,320,True,False,98966
Adilabad,Mar-2024,73091,72983,76972,95451,56,False,False,76632
Suryapet,Feb-2024,86081,51033,47274,25939,360,True,False,53584
Medak,Oct-2024,126721,67045,66212,41625,276,True,False,70397
Khammam,Jun-2023,114805,84605,83634,108509,209,True,True,88835
Siddipet,Feb-2024,117468,84254,66011,116258,477,True,True,88466
Nalgonda,Aug-2023,127227,40492,48374,28811,160,False,False,42516
Adilabad,Apr-2024,122010,132492,126471,48328,271,True,False,139116
Warangal,Mar-2023,75851,71279,81806,93402,89,False,False,74842
Suryapet,Dec-2023,137178,81316,101270,58870,310,False,False,85381
Nalgonda,Oct-2024,80873,98627,79246,119186,284,True,True,103558
Karimnagar,May-2024,144826,54122,58942,88431,449,False,False,56828
Karimnagar,Nov-2024,58711,125132,123925,28199,477,True,False,131388
Warangal,Mar-2024,113069,128896,130438,51312,186,False,False,135340
Warangal,Dec-2024,137893,95388,103079,97960,420,False,False,100157
Siddipet,Apr-2023,68020,48155,31738,101051,425,True,True,50562
Khammam,Dec-2024,68601,103227,88194,104289,54,True,True,108388
Medak,Apr-2024,55722,67413,74649,101050,376,False,True,70783
Nizamabad,Dec-2023,133596,106732,99029,88323,264,True,False,112068
Nalgonda,Dec-2024,69702,65242,47418,105663,88,True,True,68504
Mahabubnagar,May-2024,78482,49171,64390,118932,93,False,True,51629
Nizamabad,Mar-2023,53696,60058,60371,39149,16,False,False,63060
Karimnagar,Jan-2024,54956,115731,112807,86641,323,True,False,121517
Adilabad,Jun-2024,113232,55417,60146,50099,115,False,False,58187
Mahabubnagar,Oct-2023,62602,49256,49840,54681,192,False,False,51718
Adilabad,Oct-2024,93361,104503,119043,46536,220,False,False,109728
Warangal,May-2023,106575,42871,45497,79979,281,False,False,45014
Nizamabad,Jul-2024,116668,139003,133537,109390,326,True,True,145953
Siddipet,Aug-2023,57812,101844,86401,22179,278,True,False,106936
Siddipet,Aug-2024,100574,87857,103805,40700,391,False,False,92249
Suryapet,Apr-2024,143330,134319,131317,33869,411,True,False,141034
Suryapet,Apr-2023,113353,122190,137426,66976,194,False,False,128299
Medak,Aug-2023,64270,70908,66431,82433,476,True,False,74453
Medak,Dec-2024,127801,124995,121668,47056,470,True,False,131244
Khammam,Dec-2024,138691,83884,80848,57726,253,True,False,88078
Khammam,Sep-2023,99976,72252,56084,110811,53,True,True,75864
Nalgonda,May-2023,111240,128454,127994,97116,211,True,False,134876
Nizamabad,Jul-2024,140453,62318,52497,97787,331,True,False,65433
Nalgonda,Jul-2024,145742,85475,85099,46564,396,True,False,89748
Mahabubnagar,Jun-2024,110957,75517,68673,43064,111,True,False,79292
Nizamabad,Feb-2024,139272,126511,142729,27214,373,False,False,132836
Warangal,Jul-2023,77127,45141,54025,110421,148,False,True,47398
Medak,May-2024,107615,85046,75060,84425,201,True,False,89298
Karimnagar,Sep-2023,124704,92874,76425,32297,213,True,False,97517
Suryapet,May-2024,144019,127599,130562,98958,152,False,False,133978
Khammam,May-2023,81845,42800,60878,62712,50,False,False,44940
Warangal,May-2024,60728,135102,144885,40583,270,False,False,141857
Mahabubnagar,Jun-2023,69456,131118,111524,33689,166,True,False,137673
Suryapet,May-2024,69873,53050,33730,104444,72,True,True,55702
Nalgonda,Jun-2023,116899,82291,97351,21538,336,False,False,86405
Adilabad,Dec-2023,68287,40174,46906,54998,191,False,False,42182
Adilabad,May-2024,125225,84814,84369,70719,351,True,False,89054
Warangal,Jun-2024,91328,110482,115100,54675,418,False,False,116006
Medak,Feb-2024,76400,90445,75214,57564,246,True,False,94967
Warangal,Dec-2024,77962,124892,125198,90533,376,False,False,131136
Adilabad,May-2024,60578,58624,77818,20389,487,False,False,61555
Nizamabad,Jul-2024,85531,92815,77801,52298,457,True,False,97455
Suryapet,Aug-2024,66835,67798,73911,84887,21,False,False,71187
Nizamabad,May-2023,93526,51889,56224,31254,82,False,False,54483
Nizamabad,Jun-2024,103747,77327,73526,92827,480,True,False,81193
Adilabad,Dec-2023,69581,99722,106222,117562,139,False,True,104708
Adilabad,Jun-2023,69552,50808,69619,92525,68,False,False,53348
Nalgonda,Dec-2024,81802,125024,135037,101938,213,False,True,131275
Khammam,Feb-2023,127789,124526,112372,110563,288,True,True,130752
Warangal,Oct-2024,131486,85270,75011,108278,402,True,True,89533
Nalgonda,Dec-2024,72931,129116,124282,71913,360,True,False,135571
Suryapet,Aug-2023,104845,138505,129066,36901,57,True,False,145430
Khammam,Sep-2023,51988,54256,56448,48230,386,False,False,56968
Siddipet,Feb-2023,82088,119650,138051,91291,279,False,False,125632
Siddipet,Jun-2023,54117,130265,142447,80710,218,False,False,136778
Nalgonda,Aug-2024,131882,108136,117403,46990,321,False,False,113542
Khammam,Feb-2023,131730,74510,55816,23849,72,True,False,78235
Adilabad,Apr-2024,95800,76963,75652,49084,451,True,False,80811
Adilabad,Jul-2024,92137,119832,115270,68442,149,True,False,125823
Nizamabad,Apr-2024,149575,41813,49304,104381,24,False,True,43903
Adilabad,May-2024,92051,118854,116054,85618,384,True,False,124796
Siddipet,Apr-2023,126872,121132,103225,32905,415,True,False,127188
Nalgonda,Apr-2024,120821,122289,120774,98513,418,True,False,128403
Warangal,Sep-2024,144574,100686,110001,89212,378,False,False,105720
Suryapet,Jul-2024,79943,106395,90533,111176,169,True,True,111714
Karimnagar,Aug-2024,112956,133863,124141,110480,244,True,True,140556
Mahabubnagar,Mar-2024,112943,135667,153554,80128,365,False,False,142450
Khammam,Nov-2023,55039,61281,51723,93788,433,True,False,64345
Nizamabad,Jan-2023,136346,107087,99712,54397,303,True,False,112441
Mahabubnagar,Oct-2023,116897,66149,50519,25283,442,True,False,69456
Medak,Feb-2024,126162,40869,52421,21014,375,False,False,42912
Medak,Jul-2024,140605,122409,125657,109160,389,False,True,128529
Suryapet,Jul-2023,135947,83803,83099,111829,36,True,True,87993
Suryapet,Jun-2024,62855,125178,140763,40025,362,False,False,131436
Nalgonda,Aug-2023,93427,133809,152315,25668,334,False,False,140499
Karimnagar,Feb-2023,131982,50751,38103,99052,259,True,False,53288
Nalgonda,Jul-2023,104122,69493,76204,93539,475,False,False,72967
Adilabad,Nov-2024,85842,53261,44434,115985,120,True,True,55924
Adilabad,Jun-2023,81781,53652,38755,45500,132,True,False,56334
Adilabad,Oct-2023,68452,89393,100567,84450,108,False,False,93862
Warangal,Jul-2024,132722,52356,65319,22187,443,False,False,54973
Medak,Oct-2023,53606,97620,110448,46489,51,False,False,102501
Medak,Jan-2024,52591,88516,94663,82061,489,False,False,92941
Adilabad,Oct-2023,111753,124774,115861,50816,368,True,False,131012
Khammam,Sep-2023,67413,99500,98478,76358,149,True,False,104475
Suryapet,Oct-2024,142420,72854,63558,110063,450,True,True,76496
Suryapet,Oct-2024,109848,133422,115122,113782,140,True,True,140093
Warangal,Mar-2024,104316,45520,61975,106465,484,False,True,47796
Nalgonda,Dec-2023,94049,53917,38674,98581,288,True,False,56612
Adilabad,Nov-2023,146671,112617,116118,41113,137,False,False,118247
Nizamabad,Apr-2023,79345,86313,93142,89166,245,False,False,90628
Nizamabad,Oct-2024,94942,43453,60728,74935,71,False,False,45625
Suryapet,Mar-2024,135280,124925,141245,69170,194,False,False,131171
Siddipet,Aug-2023,58640,131057,141106,25618,140,False,False,137609
Nalgonda,Jan-2023,93937,109724,101931,85774,204,True,False,115210
Adilabad,Sep-2024,120463,133500,124664,57158,127,True,False,140175
Medak,May-2024,111510,98692,94502,25126,313,True,False,103626
Adilabad,Jul-2023,140932,40192,56605,32816,170,False,False,42201
Suryapet,Mar-2023,90142,76468,87166,30655,281,False,False,80291
Suryapet,Oct-2024,92056,91831,105103,34671,424,False,False,96422
Nizamabad,Dec-2023,93954,112309,128893,115430,205,False,True,117924
Nizamabad,Jul-2024,144636,44994,29228,89300,429,True,False,47243
Suryapet,Aug-2023,73185,83442,75441,22581,5,True,False,87614
Suryapet,Aug-2023,126067,65307,76142,31064,48,False,False,68572
Karimnagar,Feb-2023,56476,91756,96321,22382,19,False,False,96343
Siddipet,Mar-2023,129698,113933,116268,65095,58,False,False,119629
Mahabubnagar,Apr-2023,72010,64123,66510,22890,121,False,False,67329
Karimnagar,May-2024,98008,54683,35353,109211,481,True,True,57417
Medak,Mar-2024,104319,132067,133706,84712,249,False,False,138670
Siddipet,May-2023,118975,72172,87794,78847,313,False,False,75780
Warangal,May-2024,94386,103972,108227,61003,28,False,False,109170
Mahabubnagar,Sep-2023,85710,74693,90433,97241,400,False,False,78427
Mahabubnagar,Mar-2023,131471,85913,66402,64516,244,True,False,90208
Nalgonda,Oct-2023,134811,99049,115333,59178,53,False,False,104001
Medak,Aug-2023,112522,78712,92434,30625,93,False,False,82647
Siddipet,Dec-2023,71839,67216,66161,80593,395,True,False,70576
Nizamabad,Nov-2024,57485,71455,68222,48453,238,True,False,75027
Nizamabad,Jun-2023,62226,133405,135993,98976,477,False,False,140075
Khammam,Feb-2024,116458,67526,55483,72198,436,True,False,70902
Warangal,Nov-2024,87701,65939,66263,42867,203,False,False,69235
Adilabad,Aug-2023,140880,43748,63234,86629,380,False,False,45935
Khammam,Mar-2023,121246,59259,75218,53457,175,False,False,62221
Nalgonda,Dec-2024,115901,84535,80638,118046,412,True,True,88761
Mahabubnagar,Aug-2023,78901,137537,133160,87914,480,True,False,144413
Nalgonda,Jun-2023,85503,136282,144205,95403,298,False,False,143096
Siddipet,Mar-2023,87228,63386,71688,80815,252,False,False,66555
Adilabad,Mar-2023,126234,101114,85708,45525,458,True,False,106169
Khammam,Mar-2023,82933,83469,97156,72656,479,False,False,87642
Warangal,Nov-2024,146462,76607,74249,43993,354,True,False,80437
Nizamabad,Apr-2024,136724,138132,145904,116393,338,False,True,145038
Suryapet,Apr-2023,125324,111196,95674,28210,170,True,False,116755
Karimnagar,Oct-2023,83340,79850,98013,104178,342,False,True,83842
Medak,Nov-2023,55741,112374,95636,90532,50,True,False,117992
Khammam,Dec-2023,80257,54211,64664,25232,169,False,False,56921
Warangal,Jun-2023,129768,65613,59639,73535,394,True,False,68893
Karimnagar,Nov-2024,113185,112567,118082,56182,424,False,False,118195
Suryapet,Sep-2023,79877,124425,105342,95602,320,True,False,130646
Mahabubnagar,Apr-2023,89104,58062,55061,81845,213,True,False,60965
Karimnagar,Mar-2024,109821,126669,111198,103055,416,True,True,133002
Mahabubnagar,Nov-2023,136795,74087,55228,24627,221,True,False,77791
Nalgonda,Mar-2023,53255,97433,82646,39404,321,True,False,102304
Khammam,May-2024,69173,93027,97016,44519,363,False,False,97678
Medak,Nov-2023,126949,54995,58554,109049,413,False,True,57744
Adilabad,Aug-2024,144835,79350,84867,98653,234,False,False,83317
Mahabubnagar,Apr-2024,139132,131066,112328,74199,431,True,False,137619
Khammam,Nov-2024,138151,43327,53095,84418,178,False,False,45493
Warangal,May-2023,132384,86830,106372,35160,263,False,False,91171
Khammam,Feb-2024,105571,54715,40465,98768,272,True,False,57450
Siddipet,Jul-2024,84314,88225,90674,103014,363,False,True,92636
Siddipet,Feb-2023,75338,132435,116580,52101,215,True,False,139056
Siddipet,Aug-2024,95838,59539,76277,77124,125,False,False,62515
Suryapet,Aug-2023,140695,94567,111666,95831,406,False,False,99295
Medak,Nov-2023,140221,65479,79108,75863,59,False,False,68752
Siddipet,Jul-2023,65408,97980,95400,36351,35,True,False,102879
Khammam,Oct-2024,110931,84254,102479,32453,382,False,False,88466
Medak,Dec-2024,65830,87893,91819,65066,475,False,False,92287
Khammam,Jun-2023,84057,106983,106566,42765,407,True,False,112332
Nizamabad,Dec-2023,135103,119675,137905,39520,246,False,False,125658
Siddipet,Nov-2024,60345,81185,88598,90744,175,False,False,85244
Karimnagar,Jul-2024,104219,85991,74071,107438,105,True,True,90290
Mahabubnagar,Jul-2023,93856,126055,137434,84729,218,False,False,132357
Khammam,Jun-2024,99996,54031,48567,85982,331,True,False,56732
Nalgonda,Jul-2024,56587,102790,114270,118530,47,False,True,107929
Karimnagar,Apr-2024,121094,99174,112128,55303,396,False,False,104132
Adilabad,May-2024,116788,111045,128887,33900,187,False,False,116597
Siddipet,Feb-2024,51630,60789,63312,103494,71,False,True,63828
Suryapet,Jan-2024,117231,120357,103619,86981,119,True,False,126374
Khammam,Mar-2023,139499,90818,100750,26901,225,False,False,95358
Nalgonda,Jun-2023,122391,124214,112477,83293,184,True,False,130424
Nalgonda,Feb-2024,141679,51874,59403,106402,255,False,True,54467
Adilabad,May-2023,107021,59800,66710,49437,212,False,False,62790
Siddipet,Aug-2024,69942,60862,52531,73772,44,True,False,63905
Siddipet,Jun-2024,123648,81235,80166,112876,336,True,True,85296
Nalgonda,Apr-2023,95536,109504,123182,71148,272,False,False,114979
Medak,Aug-2023,121386,126124,118073,94055,263,True,False,132430
Siddipet,Mar-2024,126474,94028,98514,111632,155,False,True,98729
Suryapet,Apr-2024,132806,133185,124182,119025,400,True,True,139844
Mahabubnagar,Jan-2024,89519,89649,104173,116493,93,False,True,94131
Karimnagar,Jan-2024,145402,70676,64554,113095,466,True,True,74209
Warangal,Mar-2024,145432,71923,88126,98388,470,False,False,75519
Warangal,Jan-2023,117384,71027,86491,54485,366,False,False,74578
Adilabad,Dec-2023,85554,86922,80331,89327,264,True,False,91268
Adilabad,Jan-2024,139037,118840,126367,77415,154,False,False,124782
Adilabad,Nov-2023,102265,56061,64871,80006,170,False,False,58864
Adilabad,Jan-2023,125476,109460,117514,95319,389,False,False,114933
Nalgonda,Jun-2024,140020,65068,45259,110610,309,True,True,68321
Medak,Sep-2023,136242,53682,60444,43383,304,False,False,56366
Khammam,Jul-2024,108817,131198,145840,61830,155,False,False,137757
Adilabad,Jun-2023,61410,120055,101106,95301,118,True,False,126057
Khammam,Jul-2024,106563,137859,129798,71257,268,True,False,144751
Warangal,May-2024,85944,139555,157689,47323,493,False,False,146532
Nizamabad,Mar-2023,105021,129959,140350,99866,283,False,False,136456
Adilabad,Oct-2023,62497,72551,63399,75755,455,True,False,76178
Medak,Apr-2024,98003,60389,56956,23358,471,True,False,63408
Mahabubnagar,Feb-2024,126524,137057,122755,86809,407,True,False,143909
Nalgonda,Oct-2023,100248,115033,127736,64041,210,False,False,120784
Nizamabad,Dec-2024,137234,59738,50441,69422,162,True,False,62724
Suryapet,Sep-2024,82299,55641,49639,26305,470,True,False,58423
Karimnagar,Aug-2024,127963,60566,42796,26511,128,True,False,63594
Nalgonda,Feb-2023,54765,60354,64283,48820,472,False,False,63371
Warangal,May-2024,116163,117525,111305,26589,480,True,False,123401
Warangal,Jun-2023,143326,80953,61202,39309,435,True,False,85000
Suryapet,Sep-2024,124711,65464,61724,55440,362,True,False,68737
Mahabubnagar,Apr-2023,75105,118484,111510,88309,359,True,False,124408
Mahabubnagar,Mar-2023,106561,50377,37724,53776,199,True,False,52895
Mahabubnagar,Nov-2023,120204,126207,141027,75161,236,False,False,132517
Khammam,Nov-2024,70922,74028,74344,96996,72,False,False,77729
Karimnagar,Jan-2023,64011,42866,28764,38395,107,True,False,45009
Mahabubnagar,Jan-2024,100042,136199,122277,49631,444,True,False,143008
Nalgonda,Sep-2023,91574,71417,73901,103639,494,False,True,74987
Karimnagar,Nov-2024,89454,41587,42618,111748,110,False,True,43666
Adilabad,Jan-2023,79432,88617,75454,54217,404,True,False,93047
Adilabad,Oct-2024,93618,123948,143561,105678,272,False,True,130145
Adilabad,Oct-2024,109993,48848,41984,86125,428,True,False,51290
Nalgonda,Mar-2023,122045,82222,72190,22462,244,True,False,86333
Medak,Mar-2023,59275,134213,127482,85942,216,True,False,140923
Karimnagar,Mar-2024,94036,57369,49164,90021,197,True,False,60237
Karimnagar,Jun-2024,125139,45368,29989,78829,12,True,False,47636
Mahabubnagar,Dec-2023,57566,52306,56348,35086,491,False,False,54921
Nizamabad,May-2024,101618,132050,130373,38019,162,True,False,138652
Siddipet,Apr-2024,60283,58279,61187,81584,326,False,False,61192
Karimnagar,Jan-2023,87663,101381,90724,96173,420,True,False,106450
Warangal,Aug-2023,107530,86799,71626,116143,189,True,True,91138
Warangal,Jan-2024,141419,45313,38911,48807,279,True,False,47578
Suryapet,Jul-2023,125308,90113,106456,78219,370,False,False,94618
Mahabubnagar,Oct-2023,103218,59229,48902,47877,145,True,False,62190
Karimnagar,May-2023,131780,132892,129698,108635,97,True,True,139536
Mahabubnagar,May-2023,60589,97221,78878,118300,493,True,True,102082
Warangal,Nov-2024,133973,81247,99752,39601,270,False,False,85309
Medak,Sep-2023,59417,98579,81250,92055,378,True,False,103507
Nizamabad,Oct-2023,53722,110442,120538,60031,387,False,False,115964
Warangal,May-2024,83576,81938,94185,63461,290,False,False,86034
Nalgonda,Jan-2023,70435,124117,118308,104726,266,True,True,130322
Siddipet,Mar-2023,63704,96635,78758,110710,269,True,True,101466
Adilabad,Jun-2024,130122,137512,142928,21814,201,False,False,144387
Nizamabad,Mar-2024,128916,75699,68016,83768,411,True,False,79483
Karimnagar,Jan-2024,139335,134702,134182,21609,205,True,False,141437
Siddipet,Feb-2024,80009,46782,53318,119352,333,False,True,49121
Nizamabad,Aug-2024,142207,115874,134220,70772,404,False,False,121667
Nalgonda,Jan-2024,77526,136758,136934,88477,63,False,False,143595
Karimnagar,Dec-2023,97224,85865,91418,80410,330,False,False,90158
Adilabad,Jul-2024,100705,101922,90300,21881,143,True,False,107018
Nalgonda,Dec-2023,120122,65006,67837,36459,187,False,False,68256
Warangal,Jul-2023,55877,79553,64475,24686,71,True,False,83530
Mahabubnagar,Mar-2024,62205,126590,130117,38443,140,False,False,132919
Adilabad,May-2024,70855,123747,128842,58724,89,False,False,129934
Warangal,Oct-2024,141996,137454,146201,35972,413,False,False,144326
Mahabubnagar,Apr-2024,116630,92347,106519,108860,194,False,True,96964
Warangal,Mar-2024,62205,129874,122622,41097,20,True,False,136367
Khammam,Nov-2024,140396,119507,114123,90469,318,True,False,125482
Warangal,Feb-2023,85733,109855,129731,40323,29,False,False,115347
Nizamabad,Nov-2024,114140,123829,110193,55349,179,True,False,130020
Warangal,Mar-2024,116467,85896,97626,99762,37,False,False,90190
Nalgonda,Aug-2024,138302,103928,101623,61347,49,True,False,109124
Karimnagar,May-2023,75491,99222,102387,23748,277,False,False,104183
Siddipet,Apr-2023,110380,84331,94828,116844,297,False,True,88547
Suryapet,Oct-2023,96686,115910,100585,86706,489,True,False,121705
Nizamabad,Sep-2024,104460,86418,92624,20287,321,False,False,90738
Warangal,Oct-2023,140071,138064,156815,102063,15,False,True,144967
Mahabubnagar,Sep-2024,53178,71831,54007,53654,340,True,False,75422
Warangal,Jul-2023,94910,130417,145839,31984,224,False,False,136937
Adilabad,Mar-2024,144171,61684,64922,41889,105,False,False,64768
Medak,Apr-2023,60770,79321,79747,61777,170,False,False,83287
Nizamabad,Dec-2023,99346,42537,41763,35216,181,True,False,44663
Karimnagar,May-2024,79327,54209,49238,87613,83,True,False,56919
Nalgonda,Oct-2023,58635,73065,86848,54152,373,False,False,76718
Siddipet,Mar-2024,79092,57653,70116,119564,21,False,True,60535
Suryapet,Aug-2024,109754,69978,72034,114543,161,False,True,73476
Siddipet,Feb-2023,55543,96392,97459,71033,200,False,False,101211
Siddipet,Feb-2023,72191,126803,114009,106593,320,True,True,133143
Nizamabad,Apr-2023,113477,53210,51003,46270,56,True,False,55870
Karimnagar,Mar-2024,64859,67236,79135,52083,124,False,False,70597
Mahabubnagar,Dec-2024,143076,59053,50138,50564,145,True,False,62005
Medak,Feb-2024,71153,45247,35800,40811,149,True,False,47509
Medak,Jun-2023,129267,47189,41730,63646,335,True,False,49548
Warangal,Dec-2024,118312,67564,76399,81587,17,False,False,70942
Nalgonda,Mar-2023,67046,97823,85867,73370,399,True,False,102714
Khammam,Apr-2023,126436,100519,86100,81158,478,True,False,105544
Nalgonda,Dec-2023,108255,112684,111432,99558,45,True,False,118318
Adilabad,Sep-2023,80005,46638,64057,53377,260,False,False,48969
Warangal,Nov-2024,106063,62394,44647,20864,244,True,False,65513
Nizamabad,May-2024,70955,121845,105899,86471,396,True,False,127937
Warangal,Mar-2023,113108,88924,85633,29726,408,True,False,93370
Nalgonda,Feb-2023,129788,61316,78687,104698,88,False,True,64381
Medak,Nov-2024,75216,72467,60221,67014,494,True,False,76090
Nalgonda,Dec-2024,54042,89052,83441,115961,15,True,True,93504
Nizamabad,Aug-2024,100733,74754,73378,105886,57,True,True,78491
Khammam,Mar-2024,74704,134913,143485,27493,7,False,False,141658
Nizamabad,Jan-2023,97234,87291,94623,25594,363,False,False,91655
Warangal,Jan-2024,129526,56626,57095,27130,172,False,False,59457
Suryapet,Oct-2024,67883,83059,81601,62932,364,True,False,87211
Nalgonda,Nov-2023,125986,125959,107994,60745,345,True,False,132256
Nizamabad,Nov-2024,148602,96396,110087,33331,439,False,False,101215
Nizamabad,Apr-2024,113014,79346,64221,74478,478,True,False,83313
Mahabubnagar,Feb-2024,126441,86121,82003,80197,97,True,False,90427
Nizamabad,Jun-2023,149245,44837,49326,103163,64,False,True,47078
Nizamabad,Aug-2023,62615,41466,52237,103886,375,False,True,43539
Mahabubnagar,Nov-2023,138422,100739,113390,93369,357,False,False,105775
Nizamabad,Sep-2024,137460,73367,74566,111404,88,False,True,77035
Nalgonda,Oct-2024,148232,55989,64920,29290,479,False,False,58788
Adilabad,Jul-2023,140477,119481,110243,50133,488,True,False,125455
Mahabubnagar,Jan-2024,135489,80475,77605,116622,312,True,True,84498
Siddipet,Oct-2024,147820,86546,73554,68291,269,True,False,90873
Nizamabad,May-2024,110354,118543,116700,117693,499,True,True,124470
Medak,Jul-2024,64693,67241,77495,35540,63,False,False,70603
Nalgonda,Aug-2024,75081,101861,93211,75512,489,True,False,106954
Mahabubnagar,Oct-2024,92832,68369,80097,37576,329,False,False,71787
Siddipet,Jul-2023,137535,85436,77005,33029,474,True,False,89707
Warangal,Jan-2023,55867,120820,134799,29121,3,False,False,126861
Adilabad,Apr-2023,124229,48921,39231,83965,177,True,False,51367
Suryapet,Mar-2023,147799,133948,131251,32242,291,True,False,140645
Karimnagar,Aug-2024,121466,101816,82323,86972,15,True,False,106906
Nizamabad,Mar-2024,66122,47354,58333,106436,16,False,True,49721
Mahabubnagar,Apr-2024,55037,68633,73128,84550,488,False,False,72064
Warangal,Oct-2024,57370,111947,131080,116035,17,False,True,117544
Siddipet,Sep-2024,78926,139782,158946,93984,382,False,False,146771
Siddipet,Nov-2024,55209,46533,47594,27211,199,False,False,48859
Medak,Oct-2024,74594,114852,107029,96382,253,True,False,120594
Khammam,Oct-2023,117616,46089,52212,27797,349,False,False,48393
Mahabubnagar,Sep-2023,67653,89556,95696,21184,234,False,False,94033
Khammam,Mar-2024,72195,45606,29562,36555,437,True,False,47886
Karimnagar,Mar-2023,108502,88849,95196,118725,420,False,True,93291
Siddipet,Jan-2023,113851,138234,134200,116633,10,True,True,145145
Warangal,Jun-2024,77843,102320,112113,59516,471,False,False,107436
Nalgonda,Feb-2023,69627,101822,100387,111561,24,True,True,106913
Mahabubnagar,Sep-2024,125318,127902,136459,91334,411,False,False,134297
Nizamabad,Nov-2024,62720,97608,114900,92095,452,False,False,102488
Mahabubnagar,May-2023,137593,75892,67598,97606,377,True,False,79686
Mahabubnagar,Mar-2024,121042,86418,101581,110140,462,False,True,90738
Nizamabad,Jun-2023,55515,76133,73105,117628,146,True,True,79939
Nizamabad,Aug-2023,138583,60470,49001,57038,387,True,False,63493
Nizamabad,Sep-2024,144658,122476,132307,77174,15,False,False,128599
Nizamabad,Apr-2024,103051,112013,109413,26470,14,True,False,117613
Mahabubnagar,Jun-2023,103473,59880,74461,64439,112,False,False,62874
Khammam,Dec-2023,146256,75081,64787,70383,109,True,False,78835
Medak,Dec-2024,86824,73073,85161,113648,187,False,True,76726
Siddipet,Feb-2024,80063,109453,92389,34506,133,True,False,114925
Khammam,Nov-2023,77672,78417,85698,48091,318,False,False,82337
Suryapet,Jul-2024,51079,135386,135976,75432,231,False,False,142155
Warangal,Jan-2023,57235,122733,124206,87567,322,False,False,128869
Siddipet,Aug-2023,129823,72230,71267,112588,268,True,True,75841
Khammam,Aug-2024,116677,65425,64706,105961,300,True,True,68696
Karimnagar,Mar-2024,92814,110219,130103,115345,110,False,True,115729
Suryapet,Nov-2024,119322,61650,70356,29190,308,False,False,64732
Siddipet,Feb-2024,79709,120428,110071,29943,232,True,False,126449
Adilabad,Jul-2024,93894,46869,47787,48379,347,False,False,49212
Adilabad,Jul-2024,63851,85747,71043,76356,409,True,False,90034
Nizamabad,Feb-2023,148430,111138,108713,39023,293,True,False,116694
Mahabubnagar,Oct-2024,64997,128603,129526,28876,45,False,False,135033
Medak,Dec-2023,92422,91413,108361,22841,231,False,False,95983
Khammam,Sep-2023,60304,70341,55099,37010,63,True,False,73858
Mahabubnagar,Nov-2023,99002,41375,55324,42092,490,False,False,43443
Karimnagar,Nov-2024,135216,123860,135194,41398,346,False,False,130053
Karimnagar,Dec-2024,148162,102766,112117,37065,134,False,False,107904
Karimnagar,Apr-2024,134307,69320,53660,54924,312,True,False,72786
Khammam,Aug-2023,52159,88940,82840,96976,342,True,False,93387
Warangal,May-2023,62021,46772,28399,93755,424,True,False,49110
Karimnagar,Jun-2024,124024,91448,111380,104517,389,False,True,96020
Karimnagar,Aug-2023,55622,41378,39010,113847,18,True,True,43446
Karimnagar,May-2024,109251,112572,131827,83212,34,False,False,118200
Adilabad,Apr-2023,101628,101360,85963,113309,490,True,True,106428
Karimnagar,Apr-2024,141873,105756,90574,76344,15,True,False,111043
Nalgonda,Jul-2024,77464,82624,99968,103791,235,False,True,86755
Medak,Nov-2024,131441,130456,126708,60581,20,True,False,136978
Siddipet,Jun-2023,64175,46191,44089,104518,286,True,True,48500
Siddipet,Oct-2023,97645,63283,64718,112759,243,False,True,66447
Suryapet,Mar-2024,50515,106727,118991,66216,153,False,False,112063
Warangal,May-2024,123870,64162,50170,27987,68,True,False,67370
Mahabubnagar,May-2023,116323,78990,68863,102542,257,True,True,82939
Warangal,Oct-2023,123324,55689,57287,115239,66,False,True,58473
Suryapet,Sep-2024,109658,78498,70270,109385,396,True,True,82422
Warangal,Dec-2024,62940,56932,66701,76827,72,False,False,59778
Warangal,Jul-2023,77777,72567,69741,62598,295,True,False,76195
Mahabubnagar,Sep-2024,67558,101084,81262,106006,222,True,True,106138
Suryapet,Jun-2024,75363,42795,54721,65264,492,False,False,44934
Karimnagar,Jan-2024,145865,116646,97377,21129,374,True,False,122478
Nalgonda,Mar-2023,94130,69265,81595,88469,339,False,False,72728
Khammam,Jul-2024,141962,79867,60760,119694,317,True,True,83860
Medak,Sep-2023,110430,41515,53185,34605,432,False,False,43590
Nizamabad,Jun-2023,81186,66928,79656,103087,110,False,True,70274
Nalgonda,Aug-2023,104962,60039,76600,95483,79,False,False,63040
Warangal,Jul-2024,51577,68350,82148,117434,9,False,True,71767
Karimnagar,Apr-2023,111957,105431,102728,91894,133,True,False,110702
Suryapet,Nov-2024,114173,55511,46081,68665,382,True,False,58286
Nizamabad,Feb-2023,63386,94460,80681,43474,89,True,False,99183
Khammam,Oct-2024,141319,44922,47628,62771,111,False,False,47168
Nalgonda,Jul-2023,65240,131756,148492,22716,190,False,False,138343
Medak,Dec-2024,123717,84066,84279,91916,103,False,False,88269
Mahabubnagar,Jan-2023,100906,40463,52436,94694,171,False,False,42486
Mahabubnagar,Sep-2023,120474,78185,80573,94417,62,False,False,82094
Warangal,May-2023,72504,94970,91736,113922,431,True,True,99718
Khammam,Apr-2024,64559,73139,91472,28802,115,False,False,76795
Adilabad,Dec-2024,97766,78737,68002,90990,78,True,False,82673
Nalgonda,Mar-2024,87425,83254,87581,73634,189,False,False,87416
Suryapet,Feb-2023,149287,127527,117443,30143,255,True,False,133903
Warangal,May-2024,138844,81984,98926,82699,333,False,False,86083
Suryapet,Feb-2023,92065,132661,147419,25596,414,False,False,139294
Suryapet,Jun-2023,133981,93639,88284,51105,208,True,False,98320
Khammam,Feb-2024,65960,51357,68560,71796,444,False,False,53924
Khammam,Oct-2024,64626,68132,56083,26449,121,True,False,71538
Adilabad,Nov-2023,139360,102287,119280,51875,84,False,False,107401
Mahabubnagar,Feb-2023,98517,116368,126038,69112,324,False,False,122186
Khammam,Aug-2024,117087,87922,95734,99335,200,False,False,92318
Khammam,Oct-2023,107608,129962,145389,60277,319,False,False,136460
Nalgonda,Oct-2024,95212,49637,65330,29824,17,False,False,52118
Mahabubnagar,Jan-2023,50215,51523,41887,88689,282,True,False,54099
Adilabad,Oct-2023,83896,125430,134329,48229,317,False,False,131701
